model,threshold,tp_fraction,sl_atr,selection_round_trips,selection_tp_hits,selection_tp_hit_rate,selection_net_hit_rate,selection_net_rupees,selection_net_expectancy_rupees,selection_profit_factor,selection_mean_holding_minutes,selection_mean_stop_fraction,selection_represented_sessions,check_round_trips,check_tp_hits,check_tp_hit_rate,check_net_hit_rate,check_net_rupees,check_net_expectancy_rupees,check_profit_factor,check_mean_holding_minutes,check_mean_stop_fraction,check_represented_sessions
tp_current,0,0.002,2,0,0,,,0.0,,,,,0,0,0,,,0.0,,,,,0
tp_current,0.0025,0.002,2,0,0,,,0.0,,,,,0,0,0,,,0.0,,,,,0
tp_current,0.005,0.002,2,0,0,,,0.0,,,,,0,0,0,,,0.0,,,,,0
tp_current,0.0075,0.002,2,0,0,,,0.0,,,,,0,0,0,,,0.0,,,,,0
tp_current,0.01,0.002,2,0,0,,,0.0,,,,,0,0,0,,,0.0,,,,,0
tp_current,0.015,0.002,2,0,0,,,0.0,,,,,0,0,0,,,0.0,,,,,0
tp_current,0.02,0.002,2,0,0,,,0.0,,,,,0,0,0,,,0.0,,,,,0
tp_current,0.025,0.002,2,0,0,,,0.0,,,,,0,0,0,,,0.0,,,,,0
tp_current,0.03,0.002,2,0,0,,,0.0,,,,,0,0,0,,,0.0,,,,,0
tp_current,0.035,0.002,2,0,0,,,0.0,,,,,0,0,0,,,0.0,,,,,0
tp_current,0.04,0.002,2,0,0,,,0.0,,,,,0,0,0,,,0.0,,,,,0
tp_current,0.045,0.002,2,0,0,,,0.0,,,,,0,0,0,,,0.0,,,,,0
tp_current,0.05,0.002,2,0,0,,,0.0,,,,,0,0,0,,,0.0,,,,,0
tp_current,0.055,0.002,2,0,0,,,0.0,,,,,0,0,0,,,0.0,,,,,0
tp_current,0.06,0.002,2,0,0,,,0.0,,,,,0,0,0,,,0.0,,,,,0
tp_current,0.065,0.002,2,0,0,,,0.0,,,,,0,0,0,,,0.0,,,,,0
tp_current,0.07,0.002,2,0,0,,,0.0,,,,,0,0,0,,,0.0,,,,,0
tp_current,0.075,0.002,2,0,0,,,0.0,,,,,0,0,0,,,0.0,,,,,0
tp_current,0.08,0.002,2,0,0,,,0.0,,,,,0,0,0,,,0.0,,,,,0
tp_current,0.085,0.002,2,0,0,,,0.0,,,,,0,0,0,,,0.0,,,,,0
tp_current,0.09,0.002,2,0,0,,,0.0,,,,,0,0,0,,,0.0,,,,,0
tp_current,0.095,0.002,2,0,0,,,0.0,,,,,0,0,0,,,0.0,,,,,0
tp_current,0.1,0.002,2,0,0,,,0.0,,,,,0,0,0,,,0.0,,,,,0
tp_current,0.11,0.002,2,0,0,,,0.0,,,,,0,0,0,,,0.0,,,,,0
tp_current,0.12,0.002,2,0,0,,,0.0,,,,,0,0,0,,,0.0,,,,,0
tp_current,0.13,0.002,2,0,0,,,0.0,,,,,0,0,0,,,0.0,,,,,0
tp_current,0.14,0.002,2,0,0,,,0.0,,,,,0,0,0,,,0.0,,,,,0
tp_current,0.15,0.002,2,0,0,,,0.0,,,,,0,0,0,,,0.0,,,,,0
tp_current,0.16,0.002,2,0,0,,,0.0,,,,,0,0,0,,,0.0,,,,,0
tp_current,0.17,0.002,2,0,0,,,0.0,,,,,0,0,0,,,0.0,,,,,0
tp_current,0.18,0.002,2,0,0,,,0.0,,,,,0,0,0,,,0.0,,,,,0
tp_current,0.19,0.002,2,0,0,,,0.0,,,,,0,0,0,,,0.0,,,,,0
tp_current,0.2,0.002,2,0,0,,,0.0,,,,,0,0,0,,,0.0,,,,,0
tp_current,0.21,0.002,2,0,0,,,0.0,,,,,0,0,0,,,0.0,,,,,0
tp_current,0.22,0.002,2,0,0,,,0.0,,,,,0,0,0,,,0.0,,,,,0
tp_current,0.23,0.002,2,0,0,,,0.0,,,,,0,0,0,,,0.0,,,,,0
tp_current,0.24,0.002,2,0,0,,,0.0,,,,,0,0,0,,,0.0,,,,,0
tp_current,0.25,0.002,2,0,0,,,0.0,,,,,0,0,0,,,0.0,,,,,0
tp_current,0.26,0.002,2,0,0,,,0.0,,,,,0,0,0,,,0.0,,,,,0
tp_current,0.27,0.002,2,0,0,,,0.0,,,,,0,0,0,,,0.0,,,,,0
tp_current,0.28,0.002,2,0,0,,,0.0,,,,,0,0,0,,,0.0,,,,,0
tp_current,0.29,0.002,2,0,0,,,0.0,,,,,0,0,0,,,0.0,,,,,0
tp_current,0.3,0.002,2,0,0,,,0.0,,,,,0,0,0,,,0.0,,,,,0
tp_current,0.31,0.002,2,0,0,,,0.0,,,,,0,0,0,,,0.0,,,,,0
tp_current,0.32,0.002,2,0,0,,,0.0,,,,,0,0,0,,,0.0,,,,,0
tp_current,0.33,0.002,2,0,0,,,0.0,,,,,0,0,0,,,0.0,,,,,0
tp_current,0.34,0.002,2,0,0,,,0.0,,,,,0,0,0,,,0.0,,,,,0
tp_current,0.35,0.002,2,0,0,,,0.0,,,,,0,0,0,,,0.0,,,,,0
tp_current,0.36,0.002,2,0,0,,,0.0,,,,,0,0,0,,,0.0,,,,,0
tp_current,0.37,0.002,2,0,0,,,0.0,,,,,0,0,0,,,0.0,,,,,0
tp_current,0.38,0.002,2,0,0,,,0.0,,,,,0,0,0,,,0.0,,,,,0
tp_current,0.39,0.002,2,0,0,,,0.0,,,,,0,0,0,,,0.0,,,,,0
tp_current,0.4,0.002,2,0,0,,,0.0,,,,,0,0,0,,,0.0,,,,,0
tp_current,0.41,0.002,2,0,0,,,0.0,,,,,0,0,0,,,0.0,,,,,0
tp_current,0.42,0.002,2,0,0,,,0.0,,,,,0,0,0,,,0.0,,,,,0
tp_current,0.43,0.002,2,0,0,,,0.0,,,,,0,0,0,,,0.0,,,,,0
tp_current,0.44,0.002,2,0,0,,,0.0,,,,,0,0,0,,,0.0,,,,,0
tp_current,0.45,0.002,2,0,0,,,0.0,,,,,0,0,0,,,0.0,,,,,0
tp_current,0.46,0.002,2,0,0,,,0.0,,,,,0,0,0,,,0.0,,,,,0
tp_current,0.47,0.002,2,0,0,,,0.0,,,,,0,0,0,,,0.0,,,,,0
tp_current,0.48,0.002,2,0,0,,,0.0,,,,,0,0,0,,,0.0,,,,,0
tp_current,0.49,0.002,2,0,0,,,0.0,,,,,0,0,0,,,0.0,,,,,0
tp_current,0.5,0.002,2,0,0,,,0.0,,,,,0,0,0,,,0.0,,,,,0
tp_current,0.51,0.002,2,0,0,,,0.0,,,,,0,0,0,,,0.0,,,,,0
tp_current,0.52,0.002,2,0,0,,,0.0,,,,,0,0,0,,,0.0,,,,,0
tp_current,0.53,0.002,2,0,0,,,0.0,,,,,0,0,0,,,0.0,,,,,0
tp_current,0.54,0.002,2,0,0,,,0.0,,,,,0,0,0,,,0.0,,,,,0
tp_current,0.55,0.002,2,0,0,,,0.0,,,,,0,0,0,,,0.0,,,,,0
tp_current,0.56,0.002,2,0,0,,,0.0,,,,,0,0,0,,,0.0,,,,,0
tp_current,0.57,0.002,2,0,0,,,0.0,,,,,0,0,0,,,0.0,,,,,0
tp_current,0.58,0.002,2,0,0,,,0.0,,,,,0,0,0,,,0.0,,,,,0
tp_current,0.59,0.002,2,0,0,,,0.0,,,,,0,0,0,,,0.0,,,,,0
tp_current,0.6,0.002,2,0,0,,,0.0,,,,,0,0,0,,,0.0,,,,,0
tp_current,0.61,0.002,2,0,0,,,0.0,,,,,0,0,0,,,0.0,,,,,0
tp_current,0.62,0.002,2,0,0,,,0.0,,,,,0,0,0,,,0.0,,,,,0
tp_current,0.63,0.002,2,0,0,,,0.0,,,,,0,0,0,,,0.0,,,,,0
tp_current,0.64,0.002,2,0,0,,,0.0,,,,,0,0,0,,,0.0,,,,,0
tp_current,0.65,0.002,2,0,0,,,0.0,,,,,0,0,0,,,0.0,,,,,0
tp_current,0.66,0.002,2,0,0,,,0.0,,,,,0,0,0,,,0.0,,,,,0
tp_current,0.67,0.002,2,0,0,,,0.0,,,,,0,0,0,,,0.0,,,,,0
tp_current,0.68,0.002,2,0,0,,,0.0,,,,,0,0,0,,,0.0,,,,,0
tp_current,0.69,0.002,2,0,0,,,0.0,,,,,0,0,0,,,0.0,,,,,0
tp_current,0.7,0.002,2,0,0,,,0.0,,,,,0,0,0,,,0.0,,,,,0
tp_current,0.71,0.002,2,0,0,,,0.0,,,,,0,0,0,,,0.0,,,,,0
tp_current,0.72,0.002,2,0,0,,,0.0,,,,,0,0,0,,,0.0,,,,,0
tp_current,0.73,0.002,2,0,0,,,0.0,,,,,0,0,0,,,0.0,,,,,0
tp_current,0.74,0.002,2,0,0,,,0.0,,,,,0,0,0,,,0.0,,,,,0
tp_current,0.75,0.002,2,0,0,,,0.0,,,,,0,0,0,,,0.0,,,,,0
tp_current,0.76,0.002,2,0,0,,,0.0,,,,,0,0,0,,,0.0,,,,,0
tp_current,0.77,0.002,2,0,0,,,0.0,,,,,0,0,0,,,0.0,,,,,0
tp_current,0.78,0.002,2,0,0,,,0.0,,,,,0,0,0,,,0.0,,,,,0
tp_current,0.79,0.002,2,0,0,,,0.0,,,,,0,0,0,,,0.0,,,,,0
tp_current,0.8,0.002,2,0,0,,,0.0,,,,,0,0,0,,,0.0,,,,,0
tp_current,0.81,0.002,2,0,0,,,0.0,,,,,0,0,0,,,0.0,,,,,0
tp_current,0.82,0.002,2,0,0,,,0.0,,,,,0,0,0,,,0.0,,,,,0
tp_current,0.83,0.002,2,0,0,,,0.0,,,,,0,0,0,,,0.0,,,,,0
tp_current,0.84,0.002,2,0,0,,,0.0,,,,,0,0,0,,,0.0,,,,,0
tp_current,0.85,0.002,2,0,0,,,0.0,,,,,0,0,0,,,0.0,,,,,0
tp_current,0.86,0.002,2,0,0,,,0.0,,,,,0,0,0,,,0.0,,,,,0
tp_current,0.87,0.002,2,0,0,,,0.0,,,,,0,0,0,,,0.0,,,,,0
tp_current,0.88,0.002,2,0,0,,,0.0,,,,,0,0,0,,,0.0,,,,,0
tp_current,0.89,0.002,2,0,0,,,0.0,,,,,0,0,0,,,0.0,,,,,0
tp_current,0.9,0.002,2,0,0,,,0.0,,,,,0,0,0,,,0.0,,,,,0
tp_current,0.91,0.002,2,0,0,,,0.0,,,,,0,0,0,,,0.0,,,,,0
tp_current,0.92,0.002,2,0,0,,,0.0,,,,,0,0,0,,,0.0,,,,,0
tp_current,0.93,0.002,2,0,0,,,0.0,,,,,0,0,0,,,0.0,,,,,0
tp_current,0.94,0.002,2,0,0,,,0.0,,,,,0,0,0,,,0.0,,,,,0
tp_current,0.95,0.002,2,0,0,,,0.0,,,,,0,0,0,,,0.0,,,,,0
tp_current,0.96,0.002,2,0,0,,,0.0,,,,,0,0,0,,,0.0,,,,,0
tp_current,0.97,0.002,2,0,0,,,0.0,,,,,0,0,0,,,0.0,,,,,0
tp_current,0.98,0.002,2,0,0,,,0.0,,,,,0,0,0,,,0.0,,,,,0
tp_current,0.99,0.002,2,0,0,,,0.0,,,,,0,0,0,,,0.0,,,,,0
tp_current,1,0.002,2,0,0,,,0.0,,,,,0,0,0,,,0.0,,,,,0
tp_context,0,0.002,2,0,0,,,0.0,,,,,0,0,0,,,0.0,,,,,0
tp_context,0.0025,0.002,2,0,0,,,0.0,,,,,0,0,0,,,0.0,,,,,0
tp_context,0.005,0.002,2,0,0,,,0.0,,,,,0,0,0,,,0.0,,,,,0
tp_context,0.0075,0.002,2,0,0,,,0.0,,,,,0,0,0,,,0.0,,,,,0
tp_context,0.01,0.002,2,0,0,,,0.0,,,,,0,0,0,,,0.0,,,,,0
tp_context,0.015,0.002,2,0,0,,,0.0,,,,,0,0,0,,,0.0,,,,,0
tp_context,0.02,0.002,2,0,0,,,0.0,,,,,0,0,0,,,0.0,,,,,0
tp_context,0.025,0.002,2,0,0,,,0.0,,,,,0,0,0,,,0.0,,,,,0
tp_context,0.03,0.002,2,0,0,,,0.0,,,,,0,0,0,,,0.0,,,,,0
tp_context,0.035,0.002,2,0,0,,,0.0,,,,,0,0,0,,,0.0,,,,,0
tp_context,0.04,0.002,2,0,0,,,0.0,,,,,0,0,0,,,0.0,,,,,0
tp_context,0.045,0.002,2,0,0,,,0.0,,,,,0,0,0,,,0.0,,,,,0
tp_context,0.05,0.002,2,0,0,,,0.0,,,,,0,0,0,,,0.0,,,,,0
tp_context,0.055,0.002,2,0,0,,,0.0,,,,,0,0,0,,,0.0,,,,,0
tp_context,0.06,0.002,2,0,0,,,0.0,,,,,0,0,0,,,0.0,,,,,0
tp_context,0.065,0.002,2,0,0,,,0.0,,,,,0,0,0,,,0.0,,,,,0
tp_context,0.07,0.002,2,0,0,,,0.0,,,,,0,0,0,,,0.0,,,,,0
tp_context,0.075,0.002,2,0,0,,,0.0,,,,,0,0,0,,,0.0,,,,,0
tp_context,0.08,0.002,2,0,0,,,0.0,,,,,0,0,0,,,0.0,,,,,0
tp_context,0.085,0.002,2,0,0,,,0.0,,,,,0,0,0,,,0.0,,,,,0
tp_context,0.09,0.002,2,0,0,,,0.0,,,,,0,0,0,,,0.0,,,,,0
tp_context,0.095,0.002,2,0,0,,,0.0,,,,,0,0,0,,,0.0,,,,,0
tp_context,0.1,0.002,2,0,0,,,0.0,,,,,0,0,0,,,0.0,,,,,0
tp_context,0.11,0.002,2,0,0,,,0.0,,,,,0,0,0,,,0.0,,,,,0
tp_context,0.12,0.002,2,0,0,,,0.0,,,,,0,0,0,,,0.0,,,,,0
tp_context,0.13,0.002,2,0,0,,,0.0,,,,,0,0,0,,,0.0,,,,,0
tp_context,0.14,0.002,2,0,0,,,0.0,,,,,0,0,0,,,0.0,,,,,0
tp_context,0.15,0.002,2,0,0,,,0.0,,,,,0,0,0,,,0.0,,,,,0
tp_context,0.16,0.002,2,0,0,,,0.0,,,,,0,0,0,,,0.0,,,,,0
tp_context,0.17,0.002,2,0,0,,,0.0,,,,,0,0,0,,,0.0,,,,,0
tp_context,0.18,0.002,2,0,0,,,0.0,,,,,0,0,0,,,0.0,,,,,0
tp_context,0.19,0.002,2,0,0,,,0.0,,,,,0,0,0,,,0.0,,,,,0
tp_context,0.2,0.002,2,0,0,,,0.0,,,,,0,0,0,,,0.0,,,,,0
tp_context,0.21,0.002,2,0,0,,,0.0,,,,,0,0,0,,,0.0,,,,,0
tp_context,0.22,0.002,2,0,0,,,0.0,,,,,0,0,0,,,0.0,,,,,0
tp_context,0.23,0.002,2,0,0,,,0.0,,,,,0,0,0,,,0.0,,,,,0
tp_context,0.24,0.002,2,0,0,,,0.0,,,,,0,0,0,,,0.0,,,,,0
tp_context,0.25,0.002,2,0,0,,,0.0,,,,,0,0,0,,,0.0,,,,,0
tp_context,0.26,0.002,2,0,0,,,0.0,,,,,0,0,0,,,0.0,,,,,0
tp_context,0.27,0.002,2,0,0,,,0.0,,,,,0,0,0,,,0.0,,,,,0
tp_context,0.28,0.002,2,0,0,,,0.0,,,,,0,0,0,,,0.0,,,,,0
tp_context,0.29,0.002,2,0,0,,,0.0,,,,,0,0,0,,,0.0,,,,,0
tp_context,0.3,0.002,2,0,0,,,0.0,,,,,0,0,0,,,0.0,,,,,0
tp_context,0.31,0.002,2,0,0,,,0.0,,,,,0,0,0,,,0.0,,,,,0
tp_context,0.32,0.002,2,0,0,,,0.0,,,,,0,0,0,,,0.0,,,,,0
tp_context,0.33,0.002,2,0,0,,,0.0,,,,,0,0,0,,,0.0,,,,,0
tp_context,0.34,0.002,2,0,0,,,0.0,,,,,0,0,0,,,0.0,,,,,0
tp_context,0.35,0.002,2,0,0,,,0.0,,,,,0,0,0,,,0.0,,,,,0
tp_context,0.36,0.002,2,0,0,,,0.0,,,,,0,0,0,,,0.0,,,,,0
tp_context,0.37,0.002,2,0,0,,,0.0,,,,,0,0,0,,,0.0,,,,,0
tp_context,0.38,0.002,2,0,0,,,0.0,,,,,0,0,0,,,0.0,,,,,0
tp_context,0.39,0.002,2,0,0,,,0.0,,,,,0,0,0,,,0.0,,,,,0
tp_context,0.4,0.002,2,0,0,,,0.0,,,,,0,0,0,,,0.0,,,,,0
tp_context,0.41,0.002,2,0,0,,,0.0,,,,,0,0,0,,,0.0,,,,,0
tp_context,0.42,0.002,2,0,0,,,0.0,,,,,0,0,0,,,0.0,,,,,0
tp_context,0.43,0.002,2,0,0,,,0.0,,,,,0,0,0,,,0.0,,,,,0
tp_context,0.44,0.002,2,0,0,,,0.0,,,,,0,0,0,,,0.0,,,,,0
tp_context,0.45,0.002,2,0,0,,,0.0,,,,,0,0,0,,,0.0,,,,,0
tp_context,0.46,0.002,2,0,0,,,0.0,,,,,0,0,0,,,0.0,,,,,0
tp_context,0.47,0.002,2,0,0,,,0.0,,,,,0,0,0,,,0.0,,,,,0
tp_context,0.48,0.002,2,0,0,,,0.0,,,,,0,0,0,,,0.0,,,,,0
tp_context,0.49,0.002,2,0,0,,,0.0,,,,,0,0,0,,,0.0,,,,,0
tp_context,0.5,0.002,2,0,0,,,0.0,,,,,0,0,0,,,0.0,,,,,0
tp_context,0.51,0.002,2,0,0,,,0.0,,,,,0,0,0,,,0.0,,,,,0
tp_context,0.52,0.002,2,0,0,,,0.0,,,,,0,0,0,,,0.0,,,,,0
tp_context,0.53,0.002,2,0,0,,,0.0,,,,,0,0,0,,,0.0,,,,,0
tp_context,0.54,0.002,2,0,0,,,0.0,,,,,0,0,0,,,0.0,,,,,0
tp_context,0.55,0.002,2,0,0,,,0.0,,,,,0,0,0,,,0.0,,,,,0
tp_context,0.56,0.002,2,0,0,,,0.0,,,,,0,0,0,,,0.0,,,,,0
tp_context,0.57,0.002,2,0,0,,,0.0,,,,,0,0,0,,,0.0,,,,,0
tp_context,0.58,0.002,2,0,0,,,0.0,,,,,0,0,0,,,0.0,,,,,0
tp_context,0.59,0.002,2,0,0,,,0.0,,,,,0,0,0,,,0.0,,,,,0
tp_context,0.6,0.002,2,0,0,,,0.0,,,,,0,0,0,,,0.0,,,,,0
tp_context,0.61,0.002,2,0,0,,,0.0,,,,,0,0,0,,,0.0,,,,,0
tp_context,0.62,0.002,2,0,0,,,0.0,,,,,0,0,0,,,0.0,,,,,0
tp_context,0.63,0.002,2,0,0,,,0.0,,,,,0,0,0,,,0.0,,,,,0
tp_context,0.64,0.002,2,0,0,,,0.0,,,,,0,0,0,,,0.0,,,,,0
tp_context,0.65,0.002,2,0,0,,,0.0,,,,,0,0,0,,,0.0,,,,,0
tp_context,0.66,0.002,2,0,0,,,0.0,,,,,0,0,0,,,0.0,,,,,0
tp_context,0.67,0.002,2,0,0,,,0.0,,,,,0,0,0,,,0.0,,,,,0
tp_context,0.68,0.002,2,0,0,,,0.0,,,,,0,0,0,,,0.0,,,,,0
tp_context,0.69,0.002,2,0,0,,,0.0,,,,,0,0,0,,,0.0,,,,,0
tp_context,0.7,0.002,2,0,0,,,0.0,,,,,0,0,0,,,0.0,,,,,0
tp_context,0.71,0.002,2,0,0,,,0.0,,,,,0,0,0,,,0.0,,,,,0
tp_context,0.72,0.002,2,0,0,,,0.0,,,,,0,0,0,,,0.0,,,,,0
tp_context,0.73,0.002,2,0,0,,,0.0,,,,,0,0,0,,,0.0,,,,,0
tp_context,0.74,0.002,2,0,0,,,0.0,,,,,0,0,0,,,0.0,,,,,0
tp_context,0.75,0.002,2,0,0,,,0.0,,,,,0,0,0,,,0.0,,,,,0
tp_context,0.76,0.002,2,0,0,,,0.0,,,,,0,0,0,,,0.0,,,,,0
tp_context,0.77,0.002,2,0,0,,,0.0,,,,,0,0,0,,,0.0,,,,,0
tp_context,0.78,0.002,2,0,0,,,0.0,,,,,0,0,0,,,0.0,,,,,0
tp_context,0.79,0.002,2,0,0,,,0.0,,,,,0,0,0,,,0.0,,,,,0
tp_context,0.8,0.002,2,0,0,,,0.0,,,,,0,0,0,,,0.0,,,,,0
tp_context,0.81,0.002,2,0,0,,,0.0,,,,,0,0,0,,,0.0,,,,,0
tp_context,0.82,0.002,2,0,0,,,0.0,,,,,0,0,0,,,0.0,,,,,0
tp_context,0.83,0.002,2,0,0,,,0.0,,,,,0,0,0,,,0.0,,,,,0
tp_context,0.84,0.002,2,0,0,,,0.0,,,,,0,0,0,,,0.0,,,,,0
tp_context,0.85,0.002,2,0,0,,,0.0,,,,,0,0,0,,,0.0,,,,,0
tp_context,0.86,0.002,2,0,0,,,0.0,,,,,0,0,0,,,0.0,,,,,0
tp_context,0.87,0.002,2,0,0,,,0.0,,,,,0,0,0,,,0.0,,,,,0
tp_context,0.88,0.002,2,0,0,,,0.0,,,,,0,0,0,,,0.0,,,,,0
tp_context,0.89,0.002,2,0,0,,,0.0,,,,,0,0,0,,,0.0,,,,,0
tp_context,0.9,0.002,2,0,0,,,0.0,,,,,0,0,0,,,0.0,,,,,0
tp_context,0.91,0.002,2,0,0,,,0.0,,,,,0,0,0,,,0.0,,,,,0
tp_context,0.92,0.002,2,0,0,,,0.0,,,,,0,0,0,,,0.0,,,,,0
tp_context,0.93,0.002,2,0,0,,,0.0,,,,,0,0,0,,,0.0,,,,,0
tp_context,0.94,0.002,2,0,0,,,0.0,,,,,0,0,0,,,0.0,,,,,0
tp_context,0.95,0.002,2,0,0,,,0.0,,,,,0,0,0,,,0.0,,,,,0
tp_context,0.96,0.002,2,0,0,,,0.0,,,,,0,0,0,,,0.0,,,,,0
tp_context,0.97,0.002,2,0,0,,,0.0,,,,,0,0,0,,,0.0,,,,,0
tp_context,0.98,0.002,2,0,0,,,0.0,,,,,0,0,0,,,0.0,,,,,0
tp_context,0.99,0.002,2,0,0,,,0.0,,,,,0,0,0,,,0.0,,,,,0
tp_context,1,0.002,2,0,0,,,0.0,,,,,0,0,0,,,0.0,,,,,0
