generated_at	label	symbols	sessions	candles	exit_kind	stop_multiple	cost_screen	clip	gross_target	max_open_positions	latency_seconds	half_spread_fraction	slippage_fraction	ambiguous_as	round_trips	round_trips_per_session	net_expectancy_rupees	net_rupees	gross_rupees	total_costs	turnover	net_hit_rate	gross_hit_rate	max_drawdown_rupees	mean_favourable_fraction	mean_adverse_fraction	ambiguous_exit_rate	unfilled_entries	unwound_entries	open_at_end
2026-09-28T15:15:06.026678+05:30	fixed-1.0	15	61	338232	FixedAtrStop	1.0	3	100000	0.002	3	1	0.0002	0.0001	stop	10387	170.2786885245901639344262295	-148.0848051926768075478964090	-1538156.871536334000000000000	-675371.3500000000000000000000	862785.5215363340000	2099766055.95	0.1974583614133050929045922788	0.2004428612688938095696543757	1538156.871536334000000000000	0.0007742940977489212912255709894	0.001155912753667630504075501694	0.0009627418888995860209877731780	33	0	0
2026-09-28T15:16:03.181684+05:30	trail-1.0	15	61	338232	ChandelierStop	1.0	3	100000	0.002	3	1	0.0002	0.0001	stop	17433	285.7868852459016393442622951	-152.6675828664753857626340848	-2661453.972111265400000000000	-1213487.550000000000000000000	1447966.4221112654000	3523709034.65	0.08724832214765100671140939597	0.1558538404175988068605518270	2661453.972111265400000000000	0.0005715018650633850935247744593	0.0009717184257633510707547884564	0.005277347559226753857626340848	61	0	0
2026-09-28T15:16:54.122150+05:30	fixed-1.5	15	61	338232	FixedAtrStop	1.5	3	100000	0.002	3	1	0.0002	0.0001	stop	6310	103.4426229508196721311475410	-145.5797754628605705229793978	-918608.3831706502000000000000	-394418.3000000000000000000000	524190.0831706502000	1275894264.30	0.2942947702060221870047543582	0.3001584786053882725832012678	918729.5668759812000000000000	0.001061410652037191054236677082	0.001441601269168048616867259835	0.0004754358161648177496038034865	22	0	0
2026-09-28T15:17:52.799952+05:30	trail-1.5	15	61	338232	ChandelierStop	1.5	3	100000	0.002	3	1	0.0002	0.0001	stop	10341	169.5245901639344262295081967	-150.1965531270514070205976211	-1553182.555886838600000000000	-694238.3000000000000000000000	858944.2558868386000	2090373389.30	0.1691325790542500725268349289	0.2118750604390291074364181414	1553303.739592169600000000000	0.0008478635746950610191492262477	0.001188273805238320793314883729	0.002127453824581761918576539986	52	0	0
2026-09-28T15:18:56.015318+05:30	fixed-2.0	15	61	338232	FixedAtrStop	2.0	3	100000	0.002	3	1	0.0002	0.0001	stop	4534	74.32786885245901639344262295	-141.3471327228794883105425673	-640867.8997655356000000000000	-264214.5500000000000000000000	376653.3497655356000	916783526.85	0.3756065284516982796647551831	0.3824437582708425231583590648	641112.8575729184000000000000	0.001265385405883979533226625927	0.001713378084516860751977830029	0.0006616674018526687251874724305	15	0	0
2026-09-28T15:19:47.976110+05:30	trail-2.0	15	61	338232	ChandelierStop	2.0	3	100000	0.002	3	1	0.0002	0.0001	stop	6778	111.1147540983606557377049180	-150.0576678201008852168781351	-1017090.872484643800000000000	-454111.0000000000000000000000	562979.8724846438000	1370044344.50	0.2524343464148716435526704042	0.2679256417822366479787547949	1017212.056189974800000000000	0.001067713414294649256632760999	0.001435615800191767628201157574	0.0005901445854234287400413101210	33	0	0
2026-09-28T15:20:40.651545+05:30	fixed-2.5	15	61	338232	FixedAtrStop	2.5	3	100000	0.002	3	1	0.0002	0.0001	stop	3497	57.32786885245901639344262295	-139.2638065031290820703460109	-487005.5313414424000000000000	-196554.2500000000000000000000	290451.2813414424000	706774964.05	0.4335144409493851873034029168	0.4403774663997712324849871318	487551.8454058300000000000000	0.001396440482951081898890894840	0.001954488503824822144618049267	0	14	0	0
2026-09-28T15:21:31.108500+05:30	trail-2.5	15	61	338232	ChandelierStop	2.5	3	100000	0.002	3	1	0.0002	0.0001	stop	4850	79.50819672131147540983606557	-144.5995704579658144329896907	-701307.9167211342000000000000	-298443.0500000000000000000000	402864.8667211342000	980470026.55	0.3393814432989690721649484536	0.3455670103092783505154639175	701429.1004264652000000000000	0.001262010725319370270643782047	0.001678118921033233979847900142	0.001237113402061855670103092784	28	0	0
2026-09-28T15:22:20.157973+05:30	fixed-3.0	15	61	338232	FixedAtrStop	3.0	3	100000	0.002	3	1	0.0002	0.0001	stop	2810	46.06557377049180327868852459	-139.7474823021696085409252669	-392690.4252690966000000000000	-159288.3000000000000000000000	233402.1252690966000	567986272.80	0.4765124555160142348754448399	0.4846975088967971530249110320	393177.3393334842000000000000	0.001517869985974656884389558557	0.002161114482960916176750518902	0	7	0	0
2026-09-28T15:23:19.379733+05:30	trail-3.0	15	61	338232	ChandelierStop	3.0	3	100000	0.002	3	1	0.0002	0.0001	stop	3654	59.90163934426229508196721311	-143.1175971231678160919540230	-522951.6998880552000000000000	-219436.4000000000000000000000	303515.2998880552000	738654635.50	0.4001094690749863163656267105	0.4061302681992337164750957854	523188.5576954380000000000000	0.001402025699980684716313742527	0.001902494338794324184895414415	0.0005473453749315818281335522715	14	0	0
