policy,direction,tp_fraction,sl_atr,threshold,trades,tp_hits,tp_rate,mean_predicted_probability,gap,brier,net_rupees,mean_stop_fraction
tp_0.0015_sl_2,LONG,0.0015,2,0.5,0,0,,,,,0.0,
tp_0.0015_sl_2,SHORT,0.0015,2,0.5,1,1,1.0,0.5014847434011194,-0.49851525659888063,0.2485174610618478,70.8155206808,0.0013615249078968445
tp_0.0015_sl_3,LONG,0.0015,3,0.5,8,5,0.625,0.5499635293239888,-0.07503647067601116,0.24532716280210823,-1168.1869853472,0.003600079901367341
tp_0.0015_sl_3,SHORT,0.0015,3,0.5,45,25,0.5555555555555556,0.5507214894520253,-0.004834066103530321,0.23881901051058968,-4023.4689181284,0.002128696377212135
tp_0.002_sl_2,LONG,0.002,2,0.45,2,1,0.5,0.4582160294889302,-0.0417839705110698,0.2477719653498524,-198.0056591072,0.0030688451614900984
tp_0.002_sl_2,SHORT,0.002,2,0.45,13,8,0.6153846153846154,0.46372707864301665,-0.15165753674159876,0.25711476010428264,-418.0813517952,0.002165857634555151
tp_0.002_sl_3,LONG,0.002,3,0.6,0,0,,,,,0.0,
tp_0.002_sl_3,SHORT,0.002,3,0.6,7,6,0.8571428571428571,0.6116897842722062,-0.24545307287065088,0.18021319930469915,406.943467942,0.0033123478299080136
tp_0.003_sl_2,LONG,0.003,2,0,10,2,0.2,0.3993633708950358,0.1993633708950358,0.1997457536546316,-2423.5527431532,0.0025570351929711877
tp_0.003_sl_2,SHORT,0.003,2,0,0,0,,,,,0.0,
tp_0.003_sl_3,LONG,0.003,3,0,1,0,0.0,0.44430314404451116,0.44430314404451116,0.19740528380783762,-414.966057052,0.0029814665592264302
tp_0.003_sl_3,SHORT,0.003,3,0,7,5,0.7142857142857143,0.4630377846247979,-0.2512479296609164,0.25915419489988245,-51.8857320152,0.004494283332109517
