policy,tp_fraction,sl_atr,probability,direction,score,signal_time,entry_time,exit_time,quantity,entry_price,exit_price,target_price,stop_price,exit_reason,holding_minutes,gross_rupees,costs,net_rupees
tp_0.0015_sl_2,0.0015,2,0.5014847434011194,SHORT,-0.5014847434011194,2026-09-22T09:16:00+05:30,2026-09-22T09:16:01+05:30,2026-09-22T09:18:00+05:30,81,1248.6,1246.7,1246.7,1250.3,target,1.983333333333333333333333333,153.9000000000000000000000000,83.084479319200,70.81552068080000000000000001
tp_0.0015_sl_3,0.0015,3,0.5970463408205838,LONG,0.5970463408205838,2026-09-21T09:16:00+05:30,2026-09-21T09:16:01+05:30,2026-09-21T09:18:00+05:30,81,1237.2,1239.1,1239.1,1229.6,target,1.983333333333333333333333333,153.9000000000000000000000000,82.756845918400,71.14315408160000000000000001
tp_0.0015_sl_3,0.0015,3,0.581458715156081,LONG,0.581458715156081,2026-09-21T09:18:00+05:30,2026-09-21T09:18:01+05:30,2026-09-21T10:29:00+05:30,81,1243.5,1234.7,1245.4,1235.1,stop,70.98333333333333333333333333,-712.8000000000000000000000000,82.937906482000,-795.7379064819999999999999999
tp_0.0015_sl_3,0.0015,3,0.5903679675291386,SHORT,-0.5903679675291386,2026-09-21T11:55:00+05:30,2026-09-21T11:55:01+05:30,2026-09-21T11:57:00+05:30,81,1237.5,1239.8,1235.6,1239.4,stop,1.983333333333333333333333333,-186.3000000000000000000000000,82.765467850000,-269.0654678500000000000000001
tp_0.0015_sl_3,0.0015,3,0.595355274759023,SHORT,-0.595355274759023,2026-09-21T11:57:00+05:30,2026-09-21T11:57:01+05:30,2026-09-21T11:59:00+05:30,81,1238.7,1241.2,1236.8,1240.8,stop,1.983333333333333333333333333,-202.5000000000000000000000000,82.799955576400,-285.2999555764000000000000000
tp_0.0015_sl_3,0.0015,3,0.5887509938030926,SHORT,-0.5887509938030926,2026-09-21T11:59:00+05:30,2026-09-21T11:59:01+05:30,2026-09-21T12:01:00+05:30,81,1241.1,1244.1,1239.2,1243.7,stop,1.983333333333333333333333333,-243.0000000000000000000000000,82.868931029200,-325.8689310291999999999999999
tp_0.0015_sl_3,0.0015,3,0.5747354339451117,SHORT,-0.5747354339451117,2026-09-21T12:01:00+05:30,2026-09-21T12:01:01+05:30,2026-09-21T12:04:00+05:30,81,1244.7,1242.8,1242.8,1248.1,target,2.983333333333333333333333333,153.9000000000000000000000000,82.972394208400,70.92760579159999999999999998
tp_0.0015_sl_3,0.0015,3,0.567212491718199,SHORT,-0.567212491718199,2026-09-21T12:04:00+05:30,2026-09-21T12:04:01+05:30,2026-09-21T12:34:00+05:30,81,1242.5,1240.6,1240.6,1246.1,target,29.98333333333333333333333333,153.9000000000000000000000000,82.909166710000,70.99083328999999999999999997
tp_0.0015_sl_3,0.0015,3,0.5052100971518092,SHORT,-0.5052100971518092,2026-09-21T14:29:00+05:30,2026-09-21T14:29:01+05:30,2026-09-21T15:01:00+05:30,81,1246.6,1249.0,1244.7,1248.6,stop,31.98333333333333333333333333,-194.4000000000000000000000000,83.026999775200,-277.4269997752000000000000000
tp_0.0015_sl_3,0.0015,3,0.6348077630160771,SHORT,-0.6348077630160771,2026-09-22T09:16:00+05:30,2026-09-22T09:16:01+05:30,2026-09-22T09:18:00+05:30,81,1248.6,1246.7,1246.7,1251.1,target,1.983333333333333333333333333,153.9000000000000000000000000,83.084479319200,70.81552068080000000000000001
tp_0.0015_sl_3,0.0015,3,0.6071502333483855,SHORT,-0.6071502333483855,2026-09-22T09:18:00+05:30,2026-09-22T09:18:01+05:30,2026-09-22T09:28:00+05:30,81,1247.1,1245.2,1245.2,1249.9,target,9.983333333333333333333333333,153.9000000000000000000000000,83.041369661200,70.85863033879999999999999997
tp_0.0015_sl_3,0.0015,3,0.5316925186016628,SHORT,-0.5316925186016628,2026-09-22T09:28:00+05:30,2026-09-22T09:28:01+05:30,2026-09-22T09:31:00+05:30,81,1244.9,1247.8,1243.0,1247.4,stop,2.983333333333333333333333333,-234.9000000000000000000000000,82.978142162800,-317.8781421628000000000000001
tp_0.0015_sl_3,0.0015,3,0.5470847220317518,SHORT,-0.5470847220317518,2026-09-22T09:31:00+05:30,2026-09-22T09:31:01+05:30,2026-09-22T09:37:00+05:30,81,1246.1,1249.4,1244.2,1248.9,stop,5.983333333333333333333333333,-267.3000000000000000000000000,83.012629889200,-350.3126298892000000000000000
tp_0.0015_sl_3,0.0015,3,0.6200057960816768,SHORT,-0.6200057960816768,2026-09-22T09:37:00+05:30,2026-09-22T09:37:01+05:30,2026-09-22T10:02:00+05:30,81,1248.6,1246.7,1246.7,1251.2,target,24.98333333333333333333333333,153.9000000000000000000000000,83.084479319200,70.81552068080000000000000001
tp_0.0015_sl_3,0.0015,3,0.593315804935995,SHORT,-0.593315804935995,2026-09-22T10:19:00+05:30,2026-09-22T10:19:01+05:30,2026-09-22T10:23:00+05:30,81,1249.8,1247.9,1247.9,1251.6,target,3.983333333333333333333333333,153.9000000000000000000000000,83.118967045600,70.78103295439999999999999995
tp_0.0015_sl_3,0.0015,3,0.6074309410420767,SHORT,-0.6074309410420767,2026-09-22T10:23:00+05:30,2026-09-22T10:23:01+05:30,2026-09-22T10:43:00+05:30,81,1249.3,1247.4,1247.4,1251.5,target,19.98333333333333333333333333,153.9000000000000000000000000,83.104597159600,70.79540284039999999999999997
tp_0.0015_sl_3,0.0015,3,0.50529421565681,SHORT,-0.50529421565681,2026-09-22T10:43:00+05:30,2026-09-22T10:43:01+05:30,2026-09-22T11:40:00+05:30,81,1247.6,1245.7,1245.7,1250.0,target,56.98333333333333333333333333,153.9000000000000000000000000,83.055739547200,70.84426045279999999999999999
tp_0.0015_sl_3,0.0015,3,0.5010363910400086,SHORT,-0.5010363910400086,2026-09-22T11:54:00+05:30,2026-09-22T11:54:01+05:30,2026-09-22T12:30:00+05:30,81,1243.1,1245.5,1241.2,1245.1,stop,35.98333333333333333333333333,-194.4000000000000000000000000,82.926410573200,-277.3264105731999999999999999
tp_0.0015_sl_3,0.0015,3,0.5099337070544269,SHORT,-0.5099337070544269,2026-09-22T13:10:00+05:30,2026-09-22T13:10:01+05:30,2026-09-22T13:49:00+05:30,81,1242.2,1240.3,1240.3,1244.3,target,38.98333333333333333333333333,153.9000000000000000000000000,82.900544778400,70.99945522159999999999999998
tp_0.0015_sl_3,0.0015,3,0.5095140345356046,SHORT,-0.5095140345356046,2026-09-22T14:11:00+05:30,2026-09-22T14:11:01+05:30,2026-09-22T14:15:00+05:30,81,1239.4,1242.1,1237.5,1241.7,stop,3.983333333333333333333333333,-218.7000000000000000000000000,82.820073416800,-301.5200734168000000000000000
tp_0.0015_sl_3,0.0015,3,0.5656223494082172,SHORT,-0.5656223494082172,2026-09-22T14:15:00+05:30,2026-09-22T14:15:01+05:30,2026-09-22T14:33:00+05:30,81,1242.9,1246.1,1241.0,1245.7,stop,17.98333333333333333333333333,-259.2000000000000000000000000,82.920662618800,-342.1206626188000000000000001
tp_0.0015_sl_3,0.0015,3,0.5698020947912527,SHORT,-0.5698020947912527,2026-09-22T14:33:00+05:30,2026-09-22T14:33:01+05:30,2026-09-22T15:15:00+05:30,81,1245.8,1244.9,1243.9,1248.6,session_end,41.98333333333333333333333333,72.90000000000000000000000000,83.004007957600,-10.10400795760000000000000000
tp_0.0015_sl_3,0.0015,3,0.5728017158350048,SHORT,-0.5728017158350048,2026-09-23T09:16:00+05:30,2026-09-23T09:16:01+05:30,2026-09-23T09:19:00+05:30,81,1240.7,1244.5,1238.8,1244.1,stop,2.983333333333333333333333333,-307.8000000000000000000000000,82.857435120400,-390.6574351204000000000000000
tp_0.0015_sl_3,0.0015,3,0.5276620295749538,SHORT,-0.5276620295749538,2026-09-23T09:19:00+05:30,2026-09-23T09:19:01+05:30,2026-09-23T09:55:00+05:30,81,1243.8,1241.9,1241.9,1247.2,target,35.98333333333333333333333333,153.9000000000000000000000000,82.946528413600,70.95347158640000000000000004
tp_0.0015_sl_3,0.0015,3,0.5273860521726325,SHORT,-0.5273860521726325,2026-09-23T10:00:00+05:30,2026-09-23T10:00:01+05:30,2026-09-23T10:10:00+05:30,81,1243.2,1241.3,1241.3,1245.1,target,9.983333333333333333333333333,153.9000000000000000000000000,82.929284550400,70.97071544959999999999999997
tp_0.0015_sl_3,0.0015,3,0.5211268237866928,SHORT,-0.5211268237866928,2026-09-23T10:17:00+05:30,2026-09-23T10:17:01+05:30,2026-09-23T10:19:00+05:30,81,1242.6,1245.2,1240.7,1244.8,stop,1.983333333333333333333333333,-210.6000000000000000000000000,82.912040687200,-293.5120406872000000000000000
tp_0.0015_sl_3,0.0015,3,0.5752642231429538,SHORT,-0.5752642231429538,2026-09-23T10:19:00+05:30,2026-09-23T10:19:01+05:30,2026-09-23T10:26:00+05:30,81,1244.5,1242.6,1242.6,1246.8,target,6.983333333333333333333333333,153.8999999999999999999999999,82.966646254000,70.93335374599999999999999995
tp_0.0015_sl_3,0.0015,3,0.5345864676335174,SHORT,-0.5345864676335174,2026-09-23T10:26:00+05:30,2026-09-23T10:26:01+05:30,2026-09-23T10:36:00+05:30,81,1242.4,1244.9,1240.5,1244.5,stop,9.983333333333333333333333333,-202.5000000000000000000000000,82.906292732800,-285.4062927328000000000000000
tp_0.0015_sl_3,0.0015,3,0.5321106767323037,SHORT,-0.5321106767323037,2026-09-23T11:29:00+05:30,2026-09-23T11:29:01+05:30,2026-09-23T11:31:00+05:30,81,1247.6,1249.8,1245.7,1249.4,stop,1.983333333333333333333333333,-178.2000000000000000000000000,83.055739547200,-261.2557395472000000000000000
tp_0.0015_sl_3,0.0015,3,0.5476957775009355,SHORT,-0.5476957775009355,2026-09-23T11:31:00+05:30,2026-09-23T11:31:01+05:30,2026-09-23T12:31:00+05:30,81,1249.6,1252.2,1247.7,1251.8,stop,59.98333333333333333333333333,-210.6000000000000000000000000,83.113219091200,-293.7132190912000000000000000
tp_0.0015_sl_3,0.0015,3,0.5649665873315363,LONG,0.5649665873315363,2026-09-24T09:16:00+05:30,2026-09-24T09:16:01+05:30,2026-09-24T09:48:00+05:30,81,1241.0,1236.9,1242.9,1237.3,stop,31.98333333333333333333333333,-332.1000000000000000000000000,82.866057052000,-414.9660570520000000000000000
tp_0.0015_sl_3,0.0015,3,0.5051250097773915,LONG,0.5051250097773915,2026-09-24T09:48:00+05:30,2026-09-24T09:48:01+05:30,2026-09-24T09:51:00+05:30,81,1237.7,1239.6,1239.6,1235.5,target,2.983333333333333333333333333,153.9000000000000000000000000,82.771215804400,71.12878419560000000000000003
tp_0.0015_sl_3,0.0015,3,0.5148935572708376,SHORT,-0.5148935572708376,2026-09-24T09:53:00+05:30,2026-09-24T09:53:01+05:30,2026-09-24T10:18:00+05:30,81,1238.9,1237.0,1237.0,1241.2,target,24.98333333333333333333333333,153.9000000000000000000000000,82.805703530800,71.09429646920000000000000001
tp_0.0015_sl_3,0.0015,3,0.5121867141117014,SHORT,-0.5121867141117014,2026-09-24T10:25:00+05:30,2026-09-24T10:25:01+05:30,2026-09-24T11:05:00+05:30,81,1237.2,1235.3,1235.3,1239.0,target,39.98333333333333333333333333,153.9000000000000000000000000,82.756845918400,71.14315408160000000000000001
tp_0.0015_sl_3,0.0015,3,0.5022868426595712,SHORT,-0.5022868426595712,2026-09-24T14:01:00+05:30,2026-09-24T14:01:01+05:30,2026-09-24T14:27:00+05:30,82,1223.1,1221.2,1221.2,1225.8,target,25.98333333333333333333333333,155.8000000000000000000000000,82.785585690400,73.01441430959999999999999998
tp_0.0015_sl_3,0.0015,3,0.5648045875399408,LONG,0.5648045875399408,2026-09-25T09:16:00+05:30,2026-09-25T09:16:01+05:30,2026-09-25T09:20:00+05:30,82,1219.6,1221.5,1221.5,1215.7,target,3.983333333333333333333333333,155.8000000000000000000000000,82.683754646400,73.11624535359999999999999997
tp_0.0015_sl_3,0.0015,3,0.5412722248779159,LONG,0.5412722248779159,2026-09-25T09:20:00+05:30,2026-09-25T09:20:01+05:30,2026-09-25T09:30:00+05:30,82,1221.6,1223.5,1223.5,1217.2,target,9.983333333333333333333333333,155.8000000000000000000000000,82.741943814400,73.05805618560000000000000002
tp_0.0015_sl_3,0.0015,3,0.5881511993848599,SHORT,-0.5881511993848599,2026-09-25T09:30:00+05:30,2026-09-25T09:30:01+05:30,2026-09-25T09:41:00+05:30,82,1223.4,1221.5,1221.5,1227.2,target,10.98333333333333333333333333,155.8000000000000000000000000,82.794314065600,73.00568593440000000000000001
tp_0.0015_sl_3,0.0015,3,0.5210147859739002,SHORT,-0.5210147859739002,2026-09-25T09:41:00+05:30,2026-09-25T09:41:01+05:30,2026-09-25T09:52:00+05:30,82,1221.3,1219.4,1219.4,1224.4,target,10.98333333333333333333333333,155.8000000000000000000000000,82.733215439200,73.06678456080000000000000001
tp_0.0015_sl_3,0.0015,3,0.5211267651633636,LONG,0.5211267651633636,2026-09-25T09:52:00+05:30,2026-09-25T09:52:01+05:30,2026-09-25T09:55:00+05:30,82,1220.8,1217.9,1222.7,1218.3,stop,2.983333333333333333333333333,-237.8000000000000000000000000,82.718668147200,-320.5186681472000000000000000
tp_0.0015_sl_3,0.0015,3,0.5239080039250976,LONG,0.5239080039250976,2026-09-25T09:55:00+05:30,2026-09-25T09:55:01+05:30,2026-09-25T09:58:00+05:30,83,1219.4,1221.3,1221.3,1216.6,target,2.983333333333333333333333333,157.7000000000000000000000000,83.110593482400,74.58940651760000000000000001
tp_0.0015_sl_3,0.0015,3,0.5254244660381319,SHORT,-0.5254244660381319,2026-09-25T09:58:00+05:30,2026-09-25T09:58:01+05:30,2026-09-25T10:00:00+05:30,82,1221.1,1219.2,1219.2,1223.9,target,1.983333333333333333333333333,155.8000000000000000000000000,82.727396522400,73.07260347759999999999999997
tp_0.0015_sl_3,0.0015,3,0.5089945864731302,SHORT,-0.5089945864731302,2026-09-25T10:00:00+05:30,2026-09-25T10:00:01+05:30,2026-09-25T10:10:00+05:30,83,1218.6,1222.1,1216.7,1221.7,stop,9.983333333333333333333333333,-290.5000000000000000000000000,83.087033965600,-373.5870339655999999999999999
tp_0.0015_sl_3,0.0015,3,0.5659993842725628,SHORT,-0.5659993842725628,2026-09-25T10:10:00+05:30,2026-09-25T10:10:01+05:30,2026-09-25T10:47:00+05:30,82,1220.8,1218.9,1218.9,1224.0,target,36.98333333333333333333333333,155.8000000000000000000000000,82.718668147200,73.08133185279999999999999999
tp_0.0015_sl_3,0.0015,3,0.5111913093064834,SHORT,-0.5111913093064834,2026-09-25T11:03:00+05:30,2026-09-25T11:03:01+05:30,2026-09-25T11:12:00+05:30,83,1219.1,1221.9,1217.2,1221.5,stop,8.983333333333333333333333333,-232.4000000000000000000000000,83.101758663600,-315.5017586636000000000000000
tp_0.0015_sl_3,0.0015,3,0.5590616924957947,SHORT,-0.5590616924957947,2026-09-25T11:12:00+05:30,2026-09-25T11:12:01+05:30,2026-09-25T12:04:00+05:30,82,1220.6,1218.7,1218.7,1222.9,target,51.98333333333333333333333333,155.8000000000000000000000000,82.712849230400,73.08715076959999999999999999
tp_0.0015_sl_3,0.0015,3,0.5340571503584263,SHORT,-0.5340571503584263,2026-09-25T14:02:00+05:30,2026-09-25T14:02:01+05:30,2026-09-25T14:04:00+05:30,82,1220.6,1222.8,1218.7,1222.4,stop,1.983333333333333333333333333,-180.4000000000000000000000000,82.712849230400,-263.1128492304000000000000000
tp_0.0015_sl_3,0.0015,3,0.5221286025264886,SHORT,-0.5221286025264886,2026-09-25T14:04:00+05:30,2026-09-25T14:04:01+05:30,2026-09-25T14:27:00+05:30,82,1222.9,1225.8,1221.0,1225.4,stop,22.98333333333333333333333333,-237.8000000000000000000000000,82.779766773600,-320.5797667736000000000000000
tp_0.0015_sl_3,0.0015,3,0.5673474542949922,SHORT,-0.5673474542949922,2026-09-28T09:16:00+05:30,2026-09-28T09:16:01+05:30,2026-09-28T09:21:00+05:30,83,1215.5,1213.6,1213.6,1219.9,target,4.983333333333333333333333333,157.7000000000000000000000000,82.995740838000,74.70425916200000000000000000
tp_0.0015_sl_3,0.0015,3,0.567350408413106,SHORT,-0.567350408413106,2026-09-28T09:21:00+05:30,2026-09-28T09:21:01+05:30,2026-09-28T09:37:00+05:30,83,1213.5,1211.6,1211.6,1217.4,target,15.98333333333333333333333333,157.7000000000000000000000000,82.936842046000,74.76315795400000000000000001
tp_0.0015_sl_3,0.0015,3,0.5882230886156877,SHORT,-0.5882230886156877,2026-09-28T09:37:00+05:30,2026-09-28T09:37:01+05:30,2026-09-28T09:39:00+05:30,83,1210.5,1208.6,1208.6,1214.3,target,1.983333333333333333333333333,157.7000000000000000000000000,82.848493858000,74.85150614199999999999999998
tp_0.0015_sl_3,0.0015,3,0.5888496987307256,SHORT,-0.5888496987307256,2026-09-28T09:39:00+05:30,2026-09-28T09:39:01+05:30,2026-09-28T11:19:00+05:30,83,1208.3,1206.4,1206.4,1212.3,target,99.98333333333333333333333333,157.7000000000000000000000000,82.783705186800,74.91629481319999999999999999
tp_0.0015_sl_3,0.0015,3,0.5133719205224919,SHORT,-0.5133719205224919,2026-09-28T13:16:00+05:30,2026-09-28T13:16:01+05:30,2026-09-28T13:18:00+05:30,84,1202.2,1204.4,1200.4,1204.0,stop,1.983333333333333333333333333,-184.8000000000000000000000000,83.030618857600,-267.8306188576000000000000000
tp_0.0015_sl_3,0.0015,3,0.528977567062933,SHORT,-0.528977567062933,2026-09-28T13:18:00+05:30,2026-09-28T13:18:01+05:30,2026-09-28T14:10:00+05:30,84,1203.7,1201.9,1201.9,1205.6,target,51.98333333333333333333333333,151.2000000000000000000000000,83.075325169600,68.12467483039999999999999999
tp_0.002_sl_2,0.002,2,0.46220588326389334,LONG,0.46220588326389334,2026-09-21T09:16:00+05:30,2026-09-21T09:16:01+05:30,2026-09-21T09:18:00+05:30,81,1237.2,1239.7,1239.7,1232.1,target,1.983333333333333333333333333,202.5000000000000000000000000,82.756845918400,119.7431540816000000000000000
tp_0.002_sl_2,0.002,2,0.4574618626226489,SHORT,-0.4574618626226489,2026-09-21T09:18:00+05:30,2026-09-21T09:18:01+05:30,2026-09-21T09:24:00+05:30,81,1242.7,1240.2,1240.2,1248.3,target,5.983333333333333333333333333,202.5000000000000000000000000,82.914914664400,119.5850853355999999999999999
tp_0.002_sl_2,0.002,2,0.46838955502505986,SHORT,-0.46838955502505986,2026-09-21T09:24:00+05:30,2026-09-21T09:24:01+05:30,2026-09-21T09:57:00+05:30,81,1240.0,1237.5,1237.5,1244.8,target,32.98333333333333333333333333,202.5000000000000000000000000,82.837317280000,119.6626827200000000000000000
tp_0.002_sl_2,0.002,2,0.49611183062453645,SHORT,-0.49611183062453645,2026-09-22T09:16:00+05:30,2026-09-22T09:16:01+05:30,2026-09-22T09:25:00+05:30,81,1248.6,1246.1,1246.1,1250.3,target,8.983333333333333333333333333,202.5000000000000000000000000,83.084479319200,119.4155206808000000000000000
tp_0.002_sl_2,0.002,2,0.4514446803194899,SHORT,-0.4514446803194899,2026-09-22T09:32:00+05:30,2026-09-22T09:32:01+05:30,2026-09-22T09:37:00+05:30,81,1247.5,1249.8,1245.0,1249.4,stop,4.983333333333333333333333333,-186.3000000000000000000000000,83.052865570000,-269.3528655700000000000000000
tp_0.002_sl_2,0.002,2,0.4866161447209612,SHORT,-0.4866161447209612,2026-09-22T09:37:00+05:30,2026-09-22T09:37:01+05:30,2026-09-22T10:19:00+05:30,81,1248.6,1250.7,1246.1,1250.3,stop,41.98333333333333333333333333,-170.1000000000000000000000000,83.084479319200,-253.1844793192000000000000000
tp_0.002_sl_2,0.002,2,0.45356931047114907,SHORT,-0.45356931047114907,2026-09-23T09:21:00+05:30,2026-09-23T09:21:01+05:30,2026-09-23T09:27:00+05:30,81,1245.6,1243.1,1243.1,1247.9,target,5.983333333333333333333333333,202.5000000000000000000000000,82.998260003200,119.5017399968000000000000000
tp_0.002_sl_2,0.002,2,0.4545387094291978,SHORT,-0.4545387094291978,2026-09-23T10:21:00+05:30,2026-09-23T10:21:01+05:30,2026-09-23T10:41:00+05:30,81,1243.0,1245.0,1240.5,1244.6,stop,19.98333333333333333333333333,-162.0000000000000000000000000,82.923536596000,-244.9235365960000000000000000
tp_0.002_sl_2,0.002,2,0.45422617571396706,LONG,0.45422617571396706,2026-09-24T09:19:00+05:30,2026-09-24T09:19:01+05:30,2026-09-24T09:47:00+05:30,81,1240.4,1237.5,1242.9,1237.9,stop,27.98333333333333333333333333,-234.9000000000000000000000000,82.848813188800,-317.7488131888000000000000000
tp_0.002_sl_2,0.002,2,0.45717346474314213,SHORT,-0.45717346474314213,2026-09-25T09:28:00+05:30,2026-09-25T09:28:01+05:30,2026-09-25T09:31:00+05:30,82,1221.9,1225.0,1219.4,1224.6,stop,2.983333333333333333333333333,-254.2000000000000000000000000,82.750672189600,-336.9506721895999999999999999
tp_0.002_sl_2,0.002,2,0.4754180406570691,SHORT,-0.4754180406570691,2026-09-25T09:31:00+05:30,2026-09-25T09:31:01+05:30,2026-09-25T09:41:00+05:30,82,1224.9,1222.4,1222.4,1227.5,target,9.983333333333333333333333333,205.0000000000000000000000000,82.837955941600,122.1620440584000000000000000
tp_0.002_sl_2,0.002,2,0.45090773492977143,SHORT,-0.45090773492977143,2026-09-25T10:13:00+05:30,2026-09-25T10:13:01+05:30,2026-09-25T10:34:00+05:30,82,1220.6,1223.1,1218.1,1222.7,stop,20.98333333333333333333333333,-205.0000000000000000000000000,82.712849230400,-287.7128492304000000000000000
tp_0.002_sl_2,0.002,2,0.46495601020877,SHORT,-0.46495601020877,2026-09-28T09:16:00+05:30,2026-09-28T09:16:01+05:30,2026-09-28T09:26:00+05:30,83,1215.5,1213.0,1213.0,1218.4,target,9.983333333333333333333333333,207.5000000000000000000000000,82.995740838000,124.5042591620000000000000000
tp_0.002_sl_2,0.002,2,0.4603417433329917,SHORT,-0.4603417433329917,2026-09-28T09:26:00+05:30,2026-09-28T09:26:01+05:30,2026-09-28T09:37:00+05:30,83,1213.6,1211.1,1211.1,1215.9,target,10.98333333333333333333333333,207.5000000000000000000000000,82.939786985600,124.5602130144000000000000000
tp_0.002_sl_2,0.002,2,0.4515229352744291,SHORT,-0.4515229352744291,2026-09-28T09:37:00+05:30,2026-09-28T09:37:01+05:30,2026-09-28T10:40:00+05:30,83,1210.5,1208.0,1208.0,1213.0,target,62.98333333333333333333333333,207.5000000000000000000000000,82.848493858000,124.6515061419999999999999999
tp_0.002_sl_3,0.002,3,0.6109160959722012,SHORT,-0.6109160959722012,2026-09-21T09:20:00+05:30,2026-09-21T09:20:01+05:30,2026-09-21T09:23:00+05:30,81,1243.4,1240.9,1240.9,1251.6,target,2.983333333333333333333333333,202.5000000000000000000000000,82.935032504800,119.5649674952000000000000000
tp_0.002_sl_3,0.002,3,0.6000438929556344,SHORT,-0.6000438929556344,2026-09-21T09:30:00+05:30,2026-09-21T09:30:01+05:30,2026-09-21T09:42:00+05:30,81,1241.8,1239.3,1239.3,1247.7,target,11.98333333333333333333333333,202.5000000000000000000000000,82.889048869600,119.6109511304000000000000000
tp_0.002_sl_3,0.002,3,0.6341327816545275,SHORT,-0.6341327816545275,2026-09-22T09:16:00+05:30,2026-09-22T09:16:01+05:30,2026-09-22T09:25:00+05:30,81,1248.6,1246.1,1246.1,1251.1,target,8.983333333333333333333333333,202.5000000000000000000000000,83.084479319200,119.4155206808000000000000000
tp_0.002_sl_3,0.002,3,0.6025626412694105,SHORT,-0.6025626412694105,2026-09-22T09:35:00+05:30,2026-09-22T09:35:01+05:30,2026-09-22T09:37:00+05:30,81,1247.2,1250.1,1244.7,1249.7,stop,1.983333333333333333333333333,-234.9000000000000000000000000,83.044243638400,-317.9442436383999999999999999
tp_0.002_sl_3,0.002,3,0.6197301742376221,SHORT,-0.6197301742376221,2026-09-22T09:37:00+05:30,2026-09-22T09:37:01+05:30,2026-09-22T10:54:00+05:30,81,1248.6,1246.1,1246.1,1251.2,target,76.98333333333333333333333333,202.5000000000000000000000000,83.084479319200,119.4155206808000000000000000
tp_0.002_sl_3,0.002,3,0.6119937163623188,SHORT,-0.6119937163623188,2026-09-25T09:30:00+05:30,2026-09-25T09:30:01+05:30,2026-09-25T09:43:00+05:30,82,1223.4,1220.9,1220.9,1227.2,target,12.98333333333333333333333333,205.0000000000000000000000000,82.794314065600,122.2056859344000000000000000
tp_0.002_sl_3,0.002,3,0.6024491874537284,SHORT,-0.6024491874537284,2026-09-28T09:46:00+05:30,2026-09-28T09:46:01+05:30,2026-09-28T10:43:00+05:30,83,1209.7,1207.2,1207.2,1212.9,target,56.98333333333333333333333333,207.5000000000000000000000000,82.824934341200,124.6750656588000000000000000
tp_0.003_sl_2,0.003,2,0.3993633708950358,LONG,0.3993633708950358,2026-09-21T09:16:00+05:30,2026-09-21T09:16:01+05:30,2026-09-21T09:18:00+05:30,81,1237.2,1241.0,1241.0,1232.1,target,1.983333333333333333333333333,307.8000000000000000000000000,82.756845918400,225.0431540816000000000000000
tp_0.003_sl_2,0.003,2,0.3993633708950358,LONG,0.3993633708950358,2026-09-21T09:18:00+05:30,2026-09-21T09:18:01+05:30,2026-09-21T09:57:00+05:30,81,1243.5,1237.5,1247.3,1237.9,stop,38.98333333333333333333333333,-486.0000000000000000000000000,82.937906482000,-568.9379064819999999999999999
tp_0.003_sl_2,0.003,2,0.3993633708950358,LONG,0.3993633708950358,2026-09-24T09:16:00+05:30,2026-09-24T09:16:01+05:30,2026-09-24T09:20:00+05:30,81,1241.0,1238.2,1244.8,1238.6,stop,3.983333333333333333333333333,-226.8000000000000000000000000,82.866057052000,-309.6660570520000000000000000
tp_0.003_sl_2,0.003,2,0.3993633708950358,LONG,0.3993633708950358,2026-09-24T09:20:00+05:30,2026-09-24T09:20:01+05:30,2026-09-24T09:48:00+05:30,81,1239.8,1236.8,1243.6,1237.2,stop,27.98333333333333333333333333,-243.0000000000000000000000000,82.831569325600,-325.8315693256000000000000000
tp_0.003_sl_2,0.003,2,0.3993633708950358,LONG,0.3993633708950358,2026-09-25T09:16:00+05:30,2026-09-25T09:16:01+05:30,2026-09-25T09:30:00+05:30,82,1219.6,1223.3,1223.3,1217.0,target,13.98333333333333333333333333,303.4000000000000000000000000,82.683754646400,220.7162453536000000000000000
tp_0.003_sl_2,0.003,2,0.3993633708950358,LONG,0.3993633708950358,2026-09-25T09:30:00+05:30,2026-09-25T09:30:01+05:30,2026-09-25T09:41:00+05:30,82,1224.2,1221.3,1227.9,1221.7,stop,10.98333333333333333333333333,-237.8000000000000000000000000,82.817589732800,-320.6175897328000000000000001
tp_0.003_sl_2,0.003,2,0.3993633708950358,LONG,0.3993633708950358,2026-09-28T09:16:00+05:30,2026-09-28T09:16:01+05:30,2026-09-28T09:21:00+05:30,83,1216.3,1213.0,1220.0,1213.4,stop,4.983333333333333333333333333,-273.9000000000000000000000000,83.019300354800,-356.9193003548000000000000001
tp_0.003_sl_2,0.003,2,0.3993633708950358,LONG,0.3993633708950358,2026-09-28T09:21:00+05:30,2026-09-28T09:21:01+05:30,2026-09-28T09:37:00+05:30,83,1214.3,1211.3,1218.0,1211.7,stop,15.98333333333333333333333333,-249.0000000000000000000000000,82.960401562800,-331.9604015628000000000000000
tp_0.003_sl_2,0.003,2,0.3993633708950358,LONG,0.3993633708950358,2026-09-28T09:37:00+05:30,2026-09-28T09:37:01+05:30,2026-09-28T09:39:00+05:30,83,1211.3,1208.4,1215.0,1208.8,stop,1.983333333333333333333333333,-240.7000000000000000000000000,82.872053374800,-323.5720533748000000000000000
tp_0.003_sl_2,0.003,2,0.3993633708950358,LONG,0.3993633708950358,2026-09-28T09:39:00+05:30,2026-09-28T09:39:01+05:30,2026-09-28T10:43:00+05:30,83,1209.1,1206.1,1212.8,1206.5,stop,63.98333333333333333333333333,-249.0000000000000000000000000,82.807264703600,-331.8072647036000000000000001
tp_0.003_sl_3,0.003,3,0.45559544651346495,SHORT,-0.45559544651346495,2026-09-21T09:16:00+05:30,2026-09-21T09:16:01+05:30,2026-09-21T09:20:00+05:30,81,1236.4,1244.4,1232.6,1244.0,stop,3.983333333333333333333333333,-648.0000000000000000000000000,82.733854100800,-730.7338541008000000000000001
tp_0.003_sl_3,0.003,3,0.4669286795571243,SHORT,-0.4669286795571243,2026-09-21T09:20:00+05:30,2026-09-21T09:20:01+05:30,2026-09-21T09:25:00+05:30,81,1243.4,1239.6,1239.6,1251.6,target,4.983333333333333333333333333,307.8000000000000000000000000,82.935032504800,224.8649674952000000000000000
tp_0.003_sl_3,0.003,3,0.45523613303117644,SHORT,-0.45523613303117644,2026-09-21T09:25:00+05:30,2026-09-21T09:25:01+05:30,2026-09-21T10:29:00+05:30,81,1238.8,1235.0,1235.0,1245.7,target,63.98333333333333333333333333,307.8000000000000000000000000,82.802829553600,224.9971704464000000000000001
tp_0.003_sl_3,0.003,3,0.44430314404451116,LONG,0.44430314404451116,2026-09-24T09:16:00+05:30,2026-09-24T09:16:01+05:30,2026-09-24T09:48:00+05:30,81,1241.0,1236.9,1244.8,1237.3,stop,31.98333333333333333333333333,-332.1000000000000000000000000,82.866057052000,-414.9660570520000000000000000
tp_0.003_sl_3,0.003,3,0.441583401503827,SHORT,-0.441583401503827,2026-09-25T09:16:00+05:30,2026-09-25T09:16:01+05:30,2026-09-25T09:29:00+05:30,83,1218.8,1223.1,1215.1,1222.7,stop,12.98333333333333333333333333,-356.9000000000000000000000000,83.092923844800,-439.9929238448000000000000000
tp_0.003_sl_3,0.003,3,0.46538112263285064,SHORT,-0.46538112263285064,2026-09-25T09:29:00+05:30,2026-09-25T09:29:01+05:30,2026-09-25T09:53:00+05:30,82,1222.8,1219.1,1219.1,1226.7,target,23.98333333333333333333333333,303.4000000000000000000000000,82.776857315200,220.6231426848000000000000000
tp_0.003_sl_3,0.003,3,0.46482522450667974,SHORT,-0.46482522450667974,2026-09-28T09:16:00+05:30,2026-09-28T09:16:01+05:30,2026-09-28T09:37:00+05:30,83,1215.5,1211.8,1211.8,1219.9,target,20.98333333333333333333333333,307.1000000000000000000000000,82.995740838000,224.1042591620000000000000000
tp_0.003_sl_3,0.003,3,0.4917144846284622,SHORT,-0.4917144846284622,2026-09-28T09:37:00+05:30,2026-09-28T09:37:01+05:30,2026-09-28T10:43:00+05:30,83,1210.5,1206.8,1206.8,1214.3,target,65.98333333333333333333333333,307.1000000000000000000000000,82.848493858000,224.2515061420000000000000000
