model,threshold,eligible,signals,coverage,accuracy,long_signals,short_signals,fast_precision,fast_recall,mean_directional_utility,equal_day_utility_per_decision
trend_3_ridge_0.1,0,True,718,1.0,0.5055710306406686,381,337,0.06824512534818941,0.5632183908045977,0.02324192165507866,0.02324192165507866
trend_3_ridge_0.1,0.0025,True,553,0.7701949860724234,0.5135623869801085,292,261,0.07775768535262206,0.4942528735632184,0.03245878670090867,0.024999594771034115
trend_3_ridge_0.1,0.005,True,428,0.596100278551532,0.5233644859813084,228,200,0.0911214953271028,0.4482758620689655,0.037353585761104244,0.02226648287709278
trend_3_ridge_0.1,0.0075,True,293,0.40807799442896936,0.4880546075085324,149,144,0.10238907849829351,0.3448275862068966,0.03697362289259939,0.015088121876784984
trend_3_ridge_0.1,0.01,True,194,0.27019498607242337,0.4587628865979381,94,100,0.07731958762886598,0.1724137931034483,0.010695815494113857,0.0028899557184653042
trend_3_ridge_0.1,0.015,True,64,0.08913649025069638,0.53125,37,27,0.125,0.09195402298850575,0.012104367992394352,0.001078940879544901
trend_3_ridge_0.1,0.02,False,21,0.02924791086350975,0.47619047619047616,13,8,0.14285714285714285,0.034482758620689655,-0.05662277338790318,-0.0016560978288941042
trend_3_ridge_0.1,0.03,False,2,0.002785515320334262,0.5,2,0,0.5,0.011494252873563218,0.09063462346100909,0.0002524641322033679
trend_3_ridge_0.1,0.04,False,0,0.0,,0,0,,0.0,,0.0
trend_3_ridge_0.1,0.05,False,0,0.0,,0,0,,0.0,,0.0
trend_3_ridge_0.1,0.075,False,0,0.0,,0,0,,0.0,,0.0
trend_3_ridge_0.1,0.1,False,0,0.0,,0,0,,0.0,,0.0
trend_3_ridge_0.1,0.2,False,0,0.0,,0,0,,0.0,,0.0
trend_3_ridge_0.1,0.5,False,0,0.0,,0,0,,0.0,,0.0
trend_3_ridge_0.1,0.75,False,0,0.0,,0,0,,0.0,,0.0
trend_3_ridge_0.1,1,False,0,0.0,,0,0,,0.0,,0.0
compact_8_ridge_0.1,0,True,718,1.0,0.5097493036211699,378,340,0.07242339832869081,0.5977011494252874,0.029419256526011593,0.02941925652601159
compact_8_ridge_0.1,0.0025,True,618,0.8607242339832869,0.517799352750809,327,291,0.07928802588996764,0.5632183908045977,0.029321490591212265,0.025237717528369327
compact_8_ridge_0.1,0.005,True,511,0.7116991643454039,0.5283757338551859,264,247,0.08023483365949119,0.47126436781609193,0.026156426318281308,0.018615506752982937
compact_8_ridge_0.1,0.0075,True,403,0.5612813370473537,0.5359801488833746,214,189,0.08684863523573201,0.40229885057471265,0.026713778245160573,0.01499394517103024
compact_8_ridge_0.1,0.01,True,342,0.4763231197771588,0.5175438596491229,180,162,0.0847953216374269,0.3333333333333333,0.018894219541074515,0.008999753597559168
compact_8_ridge_0.1,0.015,True,210,0.2924791086350975,0.48095238095238096,108,102,0.1,0.2413793103448276,0.015780673626263425,0.004615517355870919
compact_8_ridge_0.1,0.02,True,113,0.1573816155988858,0.46017699115044247,62,51,0.1504424778761062,0.19540229885057472,0.022917573725233342,0.0036068047784838
compact_8_ridge_0.1,0.03,True,43,0.05988857938718663,0.627906976744186,32,11,0.18604651162790697,0.09195402298850575,0.04433748367506471,0.002655308910902204
compact_8_ridge_0.1,0.04,False,12,0.016713091922005572,0.4166666666666667,10,2,0.25,0.034482758620689655,-0.07549406014660845,-0.0012617391667956845
compact_8_ridge_0.1,0.05,False,6,0.008356545961002786,0.3333333333333333,6,0,0.3333333333333333,0.022988505747126436,-0.11515788618471275,-0.0009623221686744798
compact_8_ridge_0.1,0.075,False,1,0.001392757660167131,0.0,1,0,0.0,0.0,-0.8187307530779818,-0.001140293527963763
compact_8_ridge_0.1,0.1,False,0,0.0,,0,0,,0.0,,0.0
compact_8_ridge_0.1,0.2,False,0,0.0,,0,0,,0.0,,0.0
compact_8_ridge_0.1,0.5,False,0,0.0,,0,0,,0.0,,0.0
compact_8_ridge_0.1,0.75,False,0,0.0,,0,0,,0.0,,0.0
compact_8_ridge_0.1,1,False,0,0.0,,0,0,,0.0,,0.0
compact_8_ridge_1.0,0,True,718,1.0,0.5041782729805014,369,349,0.07103064066852367,0.5862068965517241,0.025644665073981457,0.025644665073981453
compact_8_ridge_1.0,0.0025,True,140,0.19498607242339833,0.4642857142857143,75,65,0.1357142857142857,0.21839080459770116,0.02004353632564752,0.003908210425613724
compact_8_ridge_1.0,0.005,False,24,0.033426183844011144,0.625,18,6,0.25,0.06896551724137931,0.0570860576835767,0.0019081690590610596
compact_8_ridge_1.0,0.0075,False,6,0.008356545961002786,0.3333333333333333,6,0,0.3333333333333333,0.022988505747126436,-0.11515788618471275,-0.0009623221686744798
compact_8_ridge_1.0,0.01,False,1,0.001392757660167131,0.0,1,0,0.0,0.0,-0.8187307530779818,-0.001140293527963763
compact_8_ridge_1.0,0.015,False,0,0.0,,0,0,,0.0,,0.0
compact_8_ridge_1.0,0.02,False,0,0.0,,0,0,,0.0,,0.0
compact_8_ridge_1.0,0.03,False,0,0.0,,0,0,,0.0,,0.0
compact_8_ridge_1.0,0.04,False,0,0.0,,0,0,,0.0,,0.0
compact_8_ridge_1.0,0.05,False,0,0.0,,0,0,,0.0,,0.0
compact_8_ridge_1.0,0.075,False,0,0.0,,0,0,,0.0,,0.0
compact_8_ridge_1.0,0.1,False,0,0.0,,0,0,,0.0,,0.0
compact_8_ridge_1.0,0.2,False,0,0.0,,0,0,,0.0,,0.0
compact_8_ridge_1.0,0.5,False,0,0.0,,0,0,,0.0,,0.0
compact_8_ridge_1.0,0.75,False,0,0.0,,0,0,,0.0,,0.0
compact_8_ridge_1.0,1,False,0,0.0,,0,0,,0.0,,0.0
