policy,direction,tp_fraction,sl_atr,threshold,trades,tp_hits,tp_rate,mean_predicted_probability,gap,brier,net_rupees,mean_stop_fraction,sl_median_percent,sl_min_percent,sl_max_percent,median_successful_tp_minutes
tp_0.0015_sl_2,LONG,0.0015,2,0.5,0,0,,,,,0.0,,,,,
tp_0.0015_sl_2,SHORT,0.0015,2,0.5,71,33,0.4647887323943662,0.5297161839510891,0.06492745155672291,0.24928299824144934,-10436.9090105292,0.002275839918975931,0.21517373286579536,0.10323195426030334,0.4590850515463918,5.983333333333333
tp_0.0015_sl_3,LONG,0.0015,3,0.55,24,12,0.5,0.5830389145092357,0.08303891450923573,0.25672751574753816,-4581.7430122196,0.003829767863787264,0.400709555743348,0.15328019619865113,0.6755126658624849,7.9833333333333325
tp_0.0015_sl_3,SHORT,0.0015,3,0.55,121,69,0.5702479338842975,0.5863407475889137,0.016092813704616238,0.24388342233533103,-15966.2234514716,0.002915145668221378,0.26235959662212016,0.14402304368698993,0.6405749550816343,10.983333333333333
tp_0.002_sl_2,LONG,0.002,2,0.55,0,0,,,,,0.0,,,,,
tp_0.002_sl_2,SHORT,0.002,2,0.55,36,18,0.5,0.5809642482528079,0.0809642482528079,0.2512112018744308,-4823.48116438,0.002751754571871816,0.25873787515756363,0.1444866920152091,0.4590850515463918,7.483333333333333
tp_0.002_sl_3,LONG,0.002,3,0.6,0,0,,,,,0.0,,,,,
tp_0.002_sl_3,SHORT,0.002,3,0.6,38,22,0.5789473684210527,0.6360409272868622,0.05709355886580958,0.24410614881225337,-5024.0870879748,0.0037904468371234303,0.3602875691595356,0.19749335358906192,0.6594820653048095,11.983333333333333
tp_0.003_sl_2,LONG,0.003,2,0.55,6,2,0.3333333333333333,0.5920590163846421,0.2587256830513088,0.28214750192022126,-1122.0788855616,0.002805784461702547,0.28483368730270275,0.2332452184730213,0.3359899984372558,19.483333333333334
tp_0.003_sl_2,SHORT,0.003,2,0.55,0,0,,,,,0.0,,,,,
tp_0.003_sl_3,LONG,0.003,3,0.45,21,8,0.38095238095238093,0.544963036787267,0.16401065583488605,0.2599819464348616,-4900.3056708892,0.004019448067055359,0.4060596595345932,0.29705232690989414,0.5566311713455954,14.483333333333333
tp_0.003_sl_3,SHORT,0.003,3,0.45,28,13,0.4642857142857143,0.5792265821376628,0.11494086785194846,0.2877927414010561,-5767.0239950784,0.004427806075514001,0.4206929731289263,0.30339805825242716,0.6594820653048095,11.983333333333333
