barrier_fraction,feature_family,model,kind,validation_integrated_tp_brier,training_actions,converged,warnings
0.0015,time_volatility_control,logistic_c0.1,logistic,0.17176404468151213,2160,True,
0.0015,time_volatility_control,logistic_c1,logistic,0.1718509117078568,2160,True,
0.0015,time_volatility_control,trees_depth2,trees,0.17444149055641103,2160,True,
0.0015,time_volatility_control,trees_depth3,trees,0.1754483093790434,2160,True,
0.0015,time_volatility_control,mlp8_alpha10,mlp,0.17378437574132635,2160,True,
0.0015,time_volatility_control,mlp16_alpha100,mlp,0.1738015513225041,2160,True,
0.0015,intraday,logistic_c0.1,logistic,0.170275465663304,2160,True,
0.0015,intraday,logistic_c1,logistic,0.1704599675000127,2160,True,
0.0015,intraday,trees_depth2,trees,0.1723420966142229,2160,True,
0.0015,intraday,trees_depth3,trees,0.17198647256614663,2160,True,
0.0015,intraday,mlp8_alpha10,mlp,0.1726575095381185,2160,True,
0.0015,intraday,mlp16_alpha100,mlp,0.17373320807346457,2160,True,
0.0015,intraday_week,logistic_c0.1,logistic,0.1680601252681697,2160,True,
0.0015,intraday_week,logistic_c1,logistic,0.16844867264811217,2160,True,
0.0015,intraday_week,trees_depth2,trees,0.17177158021457944,2160,True,
0.0015,intraday_week,trees_depth3,trees,0.17255312474683882,2160,True,
0.0015,intraday_week,mlp8_alpha10,mlp,0.18170372539353158,2160,True,
0.0015,intraday_week,mlp16_alpha100,mlp,0.1734406912403008,2160,True,
0.002,time_volatility_control,logistic_c0.1,logistic,0.14472238708536234,2160,True,
0.002,time_volatility_control,logistic_c1,logistic,0.14477756584239043,2160,True,
0.002,time_volatility_control,trees_depth2,trees,0.14719110090282794,2160,True,
0.002,time_volatility_control,trees_depth3,trees,0.14802736977285252,2160,True,
0.002,time_volatility_control,mlp8_alpha10,mlp,0.14753117882027472,2160,True,
0.002,time_volatility_control,mlp16_alpha100,mlp,0.14597533606671353,2160,True,
0.002,intraday,logistic_c0.1,logistic,0.1424850067555323,2160,True,
0.002,intraday,logistic_c1,logistic,0.14275665421196923,2160,True,
0.002,intraday,trees_depth2,trees,0.14397612257319245,2160,True,
0.002,intraday,trees_depth3,trees,0.14504151462842826,2160,True,
0.002,intraday,mlp8_alpha10,mlp,0.1445967158805746,2160,True,
0.002,intraday,mlp16_alpha100,mlp,0.1454755777513334,2160,True,
0.002,intraday_week,logistic_c0.1,logistic,0.1391283919989995,2160,True,
0.002,intraday_week,logistic_c1,logistic,0.13946625646848002,2160,True,
0.002,intraday_week,trees_depth2,trees,0.1412024133753863,2160,True,
0.002,intraday_week,trees_depth3,trees,0.1418373498813035,2160,True,
0.002,intraday_week,mlp8_alpha10,mlp,0.150498285784195,2160,True,
0.002,intraday_week,mlp16_alpha100,mlp,0.14374869548948474,2160,True,
0.003,time_volatility_control,logistic_c0.1,logistic,0.09934608984972784,2160,True,
0.003,time_volatility_control,logistic_c1,logistic,0.09936553301726934,2160,True,
0.003,time_volatility_control,trees_depth2,trees,0.10036423706218311,2160,True,
0.003,time_volatility_control,trees_depth3,trees,0.10061061205140756,2160,True,
0.003,time_volatility_control,mlp8_alpha10,mlp,0.10040679480497687,2160,True,
0.003,time_volatility_control,mlp16_alpha100,mlp,0.10018851698676945,2160,True,
0.003,intraday,logistic_c0.1,logistic,0.09746747670185742,2160,True,
0.003,intraday,logistic_c1,logistic,0.09755553882369776,2160,True,
0.003,intraday,trees_depth2,trees,0.09823150125786931,2160,True,
0.003,intraday,trees_depth3,trees,0.09917357602758699,2160,True,
0.003,intraday,mlp8_alpha10,mlp,0.09947282411747539,2160,True,
0.003,intraday,mlp16_alpha100,mlp,0.09980515812227257,2160,True,
0.003,intraday_week,logistic_c0.1,logistic,0.09795352084633724,2160,True,
0.003,intraday_week,logistic_c1,logistic,0.10038686886900061,2160,True,
0.003,intraday_week,trees_depth2,trees,0.09728463416847512,2160,True,
0.003,intraday_week,trees_depth3,trees,0.09801202231477582,2160,True,
0.003,intraday_week,mlp8_alpha10,mlp,0.11101189434009988,2160,True,
0.003,intraday_week,mlp16_alpha100,mlp,0.10028997201421053,2160,True,
0.004,time_volatility_control,logistic_c0.1,logistic,0.058457772205697846,2160,True,
0.004,time_volatility_control,logistic_c1,logistic,0.05840013263771743,2160,True,
0.004,time_volatility_control,trees_depth2,trees,0.05985435215602691,2160,True,
0.004,time_volatility_control,trees_depth3,trees,0.060137978022122916,2160,True,
0.004,time_volatility_control,mlp8_alpha10,mlp,0.059169869515953676,2160,True,
0.004,time_volatility_control,mlp16_alpha100,mlp,0.05919052030089121,2160,True,
0.004,intraday,logistic_c0.1,logistic,0.05689245969587074,2160,True,
0.004,intraday,logistic_c1,logistic,0.05694468819812058,2160,True,
0.004,intraday,trees_depth2,trees,0.05787985811330872,2160,True,
0.004,intraday,trees_depth3,trees,0.05882421942566836,2160,True,
0.004,intraday,mlp8_alpha10,mlp,0.05799683864371411,2160,True,
0.004,intraday,mlp16_alpha100,mlp,0.05907499042948424,2160,True,
0.004,intraday_week,logistic_c0.1,logistic,0.06052527682949316,2160,True,
0.004,intraday_week,logistic_c1,logistic,0.06346140235432707,2160,True,
0.004,intraday_week,trees_depth2,trees,0.05901714156675749,2160,True,
0.004,intraday_week,trees_depth3,trees,0.06088389002704393,2160,True,
0.004,intraday_week,mlp8_alpha10,mlp,0.06444198116670395,2160,True,
0.004,intraday_week,mlp16_alpha100,mlp,0.05965948753735663,2160,True,
