policy,direction,tp_fraction,sl_fraction,horizon_hours,model,feature_family,threshold,hypothetical_actions,action_mean_probability,action_hit_rate,action_auc,trades,tp_hits,trade_mean_probability,trade_tp_rate,net_rupees,median_actual_sl_percent,median_successful_tp_minutes
tp_0.0015_h_0.1,LONG,0.0015,0.0015,0.1,logistic_c0.1,intraday_week,0,5681,0.06287384863557667,0.08009153318077804,0.7195686823700601,741,49,0.0644435792224058,0.06612685560053981,-112140.1503621844,0.15285599356395818,3.9833333333333334
tp_0.0015_h_0.1,SHORT,0.0015,0.0015,0.1,logistic_c0.1,intraday_week,0,5681,0.056353544227774166,0.07393064601302587,0.6812750608701948,229,36,0.1008810716518863,0.1572052401746725,-34334.8639394768,0.1532097441397273,3.9833333333333334
tp_0.0015_h_0.25,LONG,0.0015,0.0015,0.25,logistic_c0.1,intraday_week,0,5681,0.1677580750958336,0.18165815877486358,0.5943991039166546,420,83,0.18587054638329473,0.1976190476190476,-62452.678765528,0.15303389700818731,6.983333333333333
tp_0.0015_h_0.25,SHORT,0.0015,0.0015,0.25,logistic_c0.1,intraday_week,0,5681,0.14701721777822022,0.1966203133251188,0.5628453813543696,177,54,0.23071264718043952,0.3050847457627119,-23344.4185369552,0.15278838808250572,3.9833333333333334
tp_0.0015_h_0.5,LONG,0.0015,0.0015,0.5,logistic_c0.1,intraday_week,0,5681,0.2796234225812293,0.2761837704629467,0.5404285487546903,327,98,0.32378836863436145,0.2996941896024465,-47222.9317568024,0.15315170078994036,7.983333333333333
tp_0.0015_h_0.5,SHORT,0.0015,0.0015,0.5,logistic_c0.1,intraday_week,0,5681,0.24836545215926098,0.3353282872733674,0.5111953100671738,153,58,0.3432824908823957,0.3790849673202614,-19123.2613204496,0.15278838808250572,6.483333333333333
tp_0.0015_h_1,LONG,0.0015,0.0015,1,logistic_c0.1,intraday_week,0.4,5681,0.3754599959632767,0.33726456609751804,0.5236785634081628,224,84,0.42987573132621165,0.375,-31634.09211971,0.15306533472971884,7.983333333333333
tp_0.0015_h_1,SHORT,0.0015,0.0015,1,logistic_c0.1,intraday_week,0.4,5681,0.33295132659521226,0.44816053511705684,0.5185659463949455,93,35,0.4417325629239489,0.3763440860215054,-13843.4762527588,0.15264722423073832,4.983333333333333
tp_0.002_h_0.1,LONG,0.002,0.002,0.1,logistic_c0.1,intraday_week,0,5681,0.04072278307240423,0.047174793170216514,0.7871149057961624,786,44,0.0442165209564561,0.05597964376590331,-114828.9036169844,0.20416977533536468,3.4833333333333334
tp_0.002_h_0.1,SHORT,0.002,0.002,0.1,logistic_c0.1,intraday_week,0,5681,0.0284978609230841,0.032388663967611336,0.7525923230853193,106,9,0.06982725200446027,0.08490566037735849,-15089.5215427784,0.20390295853446364,3.9833333333333334
tp_0.002_h_0.25,LONG,0.002,0.002,0.25,logistic_c0.1,intraday_week,0,5681,0.10858415615964535,0.11828903362084141,0.68617619237753,391,60,0.13201971462445572,0.1534526854219949,-56193.3029983428,0.20401757689893282,4.983333333333333
tp_0.002_h_0.25,SHORT,0.002,0.002,0.25,logistic_c0.1,intraday_week,0,5681,0.08233647611707672,0.12251364196444288,0.6266307543319614,89,17,0.1363641138325926,0.19101123595505617,-10880.4881478756,0.20414335399969755,6.983333333333333
tp_0.002_h_0.5,LONG,0.002,0.002,0.5,logistic_c0.1,intraday_week,0.35,5681,0.20804108760017656,0.22161591269142755,0.5907856917305306,53,24,0.3964221859773583,0.4528301886792453,-5635.3164376456,0.20421499754942002,2.9833333333333334
tp_0.002_h_0.5,SHORT,0.002,0.002,0.5,logistic_c0.1,intraday_week,0.35,5681,0.1585779744740922,0.24977996831543742,0.5282659184910558,3,2,0.36917504377917115,0.6666666666666666,-74.0237606256,0.2036813518406759,4.983333333333333
tp_0.002_h_1,LONG,0.002,0.002,1,logistic_c0.1,intraday_week,0.4,5681,0.3189994465964297,0.308572434430558,0.565730060658307,100,42,0.4338134558287317,0.42,-12602.316171052,0.20431194857011625,5.983333333333333
tp_0.002_h_1,SHORT,0.002,0.002,1,logistic_c0.1,intraday_week,0.4,5681,0.26729242140848963,0.4162999471923957,0.5400677603878434,10,5,0.41896117484405887,0.5,-1038.170917052,0.20429019748141158,8.983333333333333
tp_0.003_h_0.1,LONG,0.003,0.003,0.1,trees_depth2,intraday_week,0,5681,0.018106403163541868,0.017954585460306285,0.8228062868811263,588,22,0.022217800563931113,0.03741496598639456,-88337.067331522,0.3044505873571315,3.9833333333333334
tp_0.003_h_0.1,SHORT,0.003,0.003,0.1,trees_depth2,intraday_week,0,5681,0.013993177604258797,0.008977292730153142,0.8741075471040992,254,1,0.01870828750551477,0.003937007874015748,-38539.567096296,0.3054251140251427,4.983333333333333
tp_0.003_h_0.25,LONG,0.003,0.003,0.25,trees_depth2,intraday_week,0,5681,0.0551537280475405,0.061080795634571375,0.7201779892787177,336,33,0.07086049510382653,0.09821428571428571,-51578.7163430272,0.30453731332280776,6.983333333333333
tp_0.003_h_0.25,SHORT,0.003,0.003,0.25,trees_depth2,intraday_week,0,5681,0.03978779931262736,0.04418236226016546,0.7497406323142054,69,2,0.047141567228106245,0.028985507246376812,-11119.397895912,0.3053435114503817,5.983333333333333
tp_0.003_h_0.5,LONG,0.003,0.003,0.5,trees_depth2,intraday_week,0,5681,0.10969326030583283,0.11828903362084141,0.6648244469478748,229,44,0.14182970657803992,0.19213973799126638,-31567.1121939088,0.3044871794871795,8.983333333333333
tp_0.003_h_0.5,SHORT,0.003,0.003,0.5,trees_depth2,intraday_week,0,5681,0.0746725194122406,0.11212814645308924,0.6330534623414424,23,3,0.07379559354848403,0.13043478260869565,-477.3478132648,0.3048780487804878,11.983333333333333
tp_0.003_h_1,LONG,0.003,0.003,1,trees_depth2,intraday_week,0,5681,0.2023014682077022,0.2131666960042246,0.5980058819508717,164,52,0.25635991469679503,0.3170731707317073,-21697.4425041604,0.30437743240465853,12.983333333333333
tp_0.003_h_1,SHORT,0.003,0.003,1,trees_depth2,intraday_week,0,5681,0.14791313135487338,0.2626298186938919,0.5528140214029211,16,8,0.14031005032004892,0.5,824.303310602,0.30389304870017037,47.483333333333334
tp_0.004_h_0.1,LONG,0.004,0.004,0.1,logistic_c0.1,intraday,0,5681,0.007880621203589497,0.009329343425453265,0.9089223692856472,601,11,0.010721249941920622,0.018302828618968387,-88955.0997934664,0.40419743490089394,2.9833333333333334
tp_0.004_h_0.1,SHORT,0.004,0.004,0.1,logistic_c0.1,intraday,0,5681,0.004502092065090265,0.0035205069530012323,0.9631072248719308,225,0,0.00711313271760851,0.0,-32733.1034389356,0.4043671653861707,
tp_0.004_h_0.25,LONG,0.004,0.004,0.25,logistic_c0.1,intraday,0,5681,0.02289137589166464,0.032564689315261394,0.8242790825760258,301,16,0.032464987836965144,0.053156146179401995,-44963.544360406,0.404228855721393,3.4833333333333334
tp_0.004_h_0.25,SHORT,0.004,0.004,0.25,logistic_c0.1,intraday,0,5681,0.012507201500713789,0.0174265094173561,0.742303001349938,81,3,0.027118154395641123,0.037037037037037035,-12102.8614838112,0.4044875219415401,5.983333333333333
tp_0.004_h_0.5,LONG,0.004,0.004,0.5,logistic_c0.1,intraday,0,5681,0.05051125502313842,0.07463474740362612,0.6939493972098298,192,20,0.07382830605435055,0.10416666666666667,-28068.0992397916,0.40402500381155665,6.983333333333333
tp_0.004_h_0.5,SHORT,0.004,0.004,0.5,logistic_c0.1,intraday,0,5681,0.03125292383117038,0.05034324942791762,0.5876796049177884,31,3,0.1013065775264854,0.0967741935483871,-4280.051937102,0.4041204437400951,7.983333333333333
tp_0.004_h_1,LONG,0.004,0.004,1,logistic_c0.1,intraday,0,5681,0.10491993380237408,0.14064425277239923,0.5929113563195288,111,22,0.16841070626056037,0.1981981981981982,-18105.7374431036,0.40404040404040403,17.483333333333334
tp_0.004_h_1,SHORT,0.004,0.004,1,logistic_c0.1,intraday,0,5681,0.07926864116145062,0.13131490934694595,0.5286241243402843,37,5,0.1358922289728154,0.13513513513513514,-6969.94336903,0.4047914085088806,22.983333333333334
